﻿<?xml version="1.0" encoding="UTF-8"?>
<chapter name="装置及二次回路绝缘检查" id="10" parentref="doc.xml">
<content>
在对二次回路进行绝缘检查前，必须确认被保护设备的断路器、电流互感器全部停电，交流电压回路已在电压切换把手或分线箱处与其他单元设备的回路断开，并与其他回路隔离完好后，才允许进行。 在进行绝缘测试时，应注意：
1） 试验线连接要紧固； 
2） 每进行一项绝缘试验后，须将试验回路对地放电； 
3） 对母线差动保护，断路器失灵保护装置，如果不可能出现被保护的所有设备都同时停电的机会时，其绝缘电阻的检验只能分段进行，即哪一个被保护单元停电，就测定这个单元所属回路的绝缘电阻。 
</content>
	<structure>
        <chapter id="10-1" ref="10-1.xml" name ="新安装装置绝缘检查" />
        <chapter id="10-2" ref="10-2.xml" name ="新安装装置屏柜接线前电缆绝缘检查" />
        <chapter id="10-3" ref="10-3.xml" name ="屏柜接线后装置及二次回路绝缘检查" />
        <chapter id="10-4" ref="10-4.xml" name ="10.4" />
        <chapter id="10-5" ref="10-5.xml" name ="10.5" />
       </structure>
</chapter>