﻿<?xml version="1.0" encoding="UTF-8"?>
<chapter name="11.2" id="11-2" parentref="11.xml">
<content>
电流、电压互感器安装竣工后，继电保护检验人员应进行下列检查：
</content>
	<structure>
        <chapter id="11-2-1" ref="11-2-1.xml" name ="11.2.1" />
        <chapter id="11-2-2" ref="11-2-2.xml" name ="11.2.2" />
        <chapter id="11-2-3" ref="11-2-3.xml" name ="11.2.3" />
        <chapter id="11-2-4" ref="11-2-4.xml" name ="11.2.4" />
       </structure>
</chapter>