﻿<?xml version="1.0" encoding="UTF-8"?>
<chapter name="电压互感器二次回路检查" id="11-4" parentref="11.xml">
	<structure>
        <chapter id="11-4-1" ref="11-4-1.xml" name ="11.4.1" />
        <chapter id="11-4-2" ref="11-4-2.xml" name ="11.4.2" />
        <chapter id="11-4-3" ref="11-4-3.xml" name ="11.4.3" />
        <chapter id="11-4-4" ref="11-4-4.xml" name ="11.4.4" />
        <chapter id="11-4-5" ref="11-4-5.xml" name ="11.4.5" />
        <chapter id="11-4-6" ref="11-4-6.xml" name ="11.4.6" />
       </structure>
</chapter>