﻿<?xml version="1.0" encoding="UTF-8"?>
<chapter name="" id="12-8-1" parentref="12-8.xml">
<content>
整定值的整定检验是指将装置各有关元件的动作值及动作时间按照定值通知单进行整定后的试验。该项试验在屏柜上每一元件检验完毕之后才可进行。具体的试验项目、方法、要求视构成原理而异，一般须遵守如下原则：
</content>
	<structure>
        <chapter id="12-8-1-1" ref="12-8-1-1.xml" name ="" />
        <chapter id="12-8-1-2" ref="12-8-1-2.xml" name ="" />
        <chapter id="12-8-1-3" ref="12-8-1-3.xml" name ="" />
        <chapter id="12-8-1-4" ref="12-8-1-4.xml" name ="" />
       </structure>
</chapter>