﻿<?xml version="1.0" encoding="UTF-8"?>
<chapter name="装置检验" id="12" parentref="doc.xml">
	<structure>
        <chapter id="12-1" ref="12-1.xml" name ="12.1" />
        <chapter id="12-2" ref="12-2.xml" name ="上电检查" />
        <chapter id="12-3" ref="12-3.xml" name ="逆变电源检查" />
        <chapter id="12-4" ref="12-4.xml" name ="开关量输入检验" />
        <chapter id="12-5" ref="12-5.xml" name ="开关量输出检验" />
        <chapter id="12-6" ref="12-6.xml" name ="12.6" />
        <chapter id="12-7" ref="12-7.xml" name ="模数变换系统检验" />
        <chapter id="12-8" ref="12-8.xml" name ="整定值的整定及检验" />
       </structure>
</chapter>