﻿<?xml version="1.0" encoding="UTF-8"?>
<chapter name="整组试验" id="16" parentref="doc.xml">
	<structure>
        <chapter id="16-1" ref="16-1.xml" name ="" />
        <chapter id="16-2" ref="16-2.xml" name ="" />
        <chapter id="16-3" ref="16-3.xml" name ="" />
        <chapter id="16-4" ref="16-4.xml" name ="" />
        <chapter id="16-5" ref="16-5.xml" name ="" />
        <chapter id="16-6" ref="16-6.xml" name ="" />
        <chapter id="16-7" ref="16-7.xml" name ="" />
        <chapter id="16-8" ref="16-8.xml" name ="" />
        <chapter id="16-9" ref="16-9.xml" name ="" />
       </structure>
</chapter>