﻿<?xml version="1.0" encoding="UTF-8"?>
<chapter name="投入运行前的准备工作" id="18-1" parentref="18.xml">
	<structure>
        <chapter id="18-1-1" ref="18-1-1.xml" name ="" />
        <chapter id="18-1-2" ref="18-1-2.xml" name ="" />
        <chapter id="18-1-3" ref="18-1-3.xml" name ="" />
        <chapter id="18-1-4" ref="18-1-4.xml" name ="" />
        <chapter id="18-1-5" ref="18-1-5.xml" name ="" />
        <chapter id="18-1-6" ref="18-1-6.xml" name ="" />
       </structure>
</chapter>