﻿<?xml version="1.0" encoding="UTF-8"?>
<chapter name="用一次电流及工作电压的检验" id="18-2" parentref="18.xml">
	<structure>
        <chapter id="18-2-1" ref="18-2-1.xml" name ="" />
        <chapter id="18-2-2" ref="18-2-2.xml" name ="" />
        <chapter id="18-2-3" ref="18-2-3.xml" name ="" />
        <chapter id="18-2-4" ref="18-2-4.xml" name ="" />
        <chapter id="18-2-5" ref="18-2-5.xml" name ="" />
        <chapter id="18-2-6" ref="18-2-6.xml" name ="" />
        <chapter id="18-2-7" ref="18-2-7.xml" name ="" />
        <chapter id="18-2-8" ref="18-2-8.xml" name ="" />
        <chapter id="18-2-9" ref="18-2-9.xml" name ="" />
        <chapter id="18-2-10" ref="18-2-10.xml" name ="" />
        <chapter id="18-2-11" ref="18-2-11.xml" name ="" />
        <chapter id="18-2-12" ref="18-2-12.xml" name ="" />
       </structure>
</chapter>