﻿<?xml version="1.0" encoding="UTF-8"?>
<chapter name="检验种类" id="4-1" parentref="4.xml">
<content>
检验分为四种：
1） 新安装装置的验收检验；
2） 运行中装置的定期检验（简称定期检验）；
3） 运行中装置的补充检验（简称补充检验）；
4） 运行中装置的状态检验（简称状态检验）。
</content>
	<structure>
        <chapter id="4-1-1" ref="4-1-1.xml" name ="新安装装置的验收检验" />
        <chapter id="4-1-2" ref="4-1-2.xml" name ="运行中装置的定期检验" />
        <chapter id="4-1-3" ref="4-1-3.xml" name ="运行中装置的补充检验" />
        <chapter id="4-1-4" ref="4-1-4.xml" name ="运行中装置的状态检验" />
       </structure>
</chapter>