﻿<?xml version="1.0" encoding="UTF-8"?>
<chapter name="4.2.3" id="4-2-3" parentref="4-2.xml">
<content>
制定部检周期计划时，设备运行维护单位可视装置的电压等级、运行工况、运行环境与条件，适当增减其检验期限或检验项目。
</content>
	<structure>
        <chapter id="4-2-3-1" ref="4-2-3-1.xml" name ="新安装继电保护装置投运后一年内的第一次全检原则：" />
        <chapter id="4-2-3-2" ref="4-2-3-2.xml" name ="4.2.3.2" />
        <chapter id="4-2-3-3" ref="4-2-3-3.xml" name ="4.2.3.3" />
        <chapter id="4-2-3-4" ref="4-2-3-4.xml" name ="4.2.3.4" />
       </structure>
</chapter>