﻿<?xml version="1.0" encoding="UTF-8"?>
<chapter name="6.3" id="6-3" parentref="6.xml">
<content>
对新投入运行设备的装置试验，应先进行检验前的准备工作：
</content>
	<structure>
        <chapter id="6-3-1" ref="6-3-1.xml" name ="6.3.1" />
        <chapter id="6-3-2" ref="6-3-2.xml" name ="6.3.2" />
        <chapter id="6-3-3" ref="6-2-3.xml" name ="6.3.3" />
        <chapter id="6-3-4" ref="6-3-4.xml" name ="6.3.4" />
        <chapter id="6-3-5" ref="6-2-5.xml" name ="6.3.5" />
       </structure>
</chapter>