﻿<?xml version="1.0" encoding="UTF-8"?>
<chapter name="试验回路接线的一般原则" id="7" parentref="doc.xml">
	<structure>
        <chapter id="7-1" ref="7-1.xml" name ="7.1" />
        <chapter id="7-2" ref="7-2.xml" name ="7.2" />
        <chapter id="7-3" ref="7-3.xml" name ="7.3" />
        <chapter id="7-4" ref="7-4.xml" name ="7.4" />
        <chapter id="7-5" ref="7-5.xml" name ="7.5" />
        <chapter id="7-6" ref="7-6.xml" name ="7.6" />
        <chapter id="7-7" ref="7-7.xml" name ="7.7" />
        <chapter id="7-8" ref="7-8.xml" name ="7.8" />
        <chapter id="7-9" ref="7-9.xml" name ="7.9" />
        <chapter id="7-10" ref="7-10.xml" name ="7.10" />
       </structure>
</chapter>