﻿<?xml version="1.0" encoding="UTF-8"?>
<doc type="book" uid ="GHJ 528.8-2009" >
	<data>
		<title>
			<main_title> 中华人民共和国通信行业标准</main_title>
			<sub_title>废水排放去向代码</sub_title>
			<alias-name> TCodes for wastewater discharge direction</alias-name>
		</title>
	</data>
	 <metadata ref="meta.xml"/>
	<structure>
        <chapter id ="0" ref="0.xml" name ="前言" />
        <chapter id ="1" ref="1.xml" name ="范围" />
        <chapter id ="2" ref="2.xml" name ="规范性引用文件" />
        <chapter id ="3" ref="3.xml" name ="术语和定义" />
        <chapter id ="4" ref="4.xml" name ="废水排放去向分类及编码方法" />
        <chapter id ="5" ref="5.xml" name ="代码" />
    
    </structure>

</doc>