﻿<?xml version="1.0" encoding="UTF-8"?>
<chapter name="术语和定义" id="2-3" parentref="2.xml">

	<glossary>
		<term>封印</term>
		<term_english>seal</term_english>
		<content>一种支持完整性但不能防止由接受者伪造的密码校验值（即它不提供抗抵赖）。当封印与一个数据元素相关联时，该数据元素被称为已被封印。封印本身不提供抗抵赖，但某些抗抵赖机制可以使用封印提供的完整性服务，如用可信第三方保护通信。
</content>
	</glossary>

</chapter>