﻿<?xml version="1.0" encoding="UTF-8"?>
<chapter name="术语和定义" id="2-2" parentref="2.xml">

	<glossary>
		<term>数据完整性</term>
		<term_english>data integrity</term_english>
		<content>完整性是信息未经授权不能进行改变的特性。即信息在存储或传输过程中保持不被偶然或蓄意地删除、修改、伪造、乱序、重放、插入等破坏和丢失的特性。数据完整性服务可抵制主动威胁，保证发出的信息与接收的信息一致，确保信息的真实性。
</content>
	</glossary>

</chapter>