﻿<?xml version="1.0" encoding="UTF-8"?>
<chapter name="术语和定义" id="2-3" parentref="2.xml">

	<glossary>
		<term>数据抗抵赖性</term>
		<term_english>data non-repudiation</term_english>
		<content>抗抵赖性也称作不可否认性，在网络信息系统的数据交互过程中，确信参与者的真实同一性。即，所有参与者都不可能否认或抵赖曾经完成的操作和承诺，不能事后否认它发送的消息。
</content>
	</glossary>

</chapter>