﻿<?xml version="1.0" encoding="UTF-8"?>
<chapter name="术语和定义" id="2-5" parentref="2.xml">

	<glossary>
		<term>密钥管理</term>
		<term_english>key management</term_english>
		<content>密钥管理就是在授权各方之间实现密钥的建立和维护的一整套技术和程序，负责在密钥整个生命周期中为密钥提供生成、注册、认证、注销、分发、安装、存储、归档、撤销、衍生和销毁等管理服务。
</content>
	</glossary>

</chapter>