﻿<?xml version="1.0" encoding="UTF-8"?>
<chapter name="术语和定义" id="2-6" parentref="2.xml">

	<glossary>
		<term>安全信封</term>
		<term_english>secure envelope（SENV）</term_english>
		<content>由某实体构造的一组数据项，其构造方式应使得任何持有秘密密钥的实体能够验证这些数据项的完整性和来源。为了生成证据，SENV由可信第三方（TTP）使用仅为TTP所知的秘密密钥来构造和验证。
</content>
	</glossary>

</chapter>