﻿<?xml version="1.0" encoding="UTF-8"?>
<chapter name="术语和定义" id="2-8" parentref="2.xml">

	<glossary>
		<term>数字签名</term>
		<term_english>digital signature</term_english>
		<content>附加在数据单元上的一些数据，或是对数据单元所作的密码变换，这种数据或变换允许数据单元的接受者用以确认数据单元来源和数据单元的完整性，并保护数据，防止被人（例如接受者）进行伪造。
</content>
	</glossary>

</chapter>