﻿<?xml version="1.0" encoding="UTF-8"?>
<chapter name="下列术语和定义适用于本技术规定。" id="2" parentref="doc.xml">
	<structure>
        <chapter id="2-1" ref="2-1.xml" name ="术语和定义" />
        <chapter id="2-2" ref="2-2.xml" name ="术语和定义" />
 <chapter id="2-3" ref="2-3.xml" name ="术语和定义" />
 <chapter id="2-4" ref="2-4.xml" name ="术语和定义" />
 <chapter id="2-5" ref="2-5.xml" name ="术语和定义" />
 <chapter id="2-6" ref="2-6.xml" name ="术语和定义" />
 <chapter id="2-7" ref="2-7.xml" name ="术语和定义" />
 <chapter id="2-8" ref="2-8.xml" name ="术语和定义" />
 <chapter id="2-9" ref="2-9.xml" name ="术语和定义" />
 <chapter id="2-10" ref="2-10.xml" name ="术语和定义" />
 <chapter id="2-11" ref="2-11.xml" name ="术语和定义" />
 <chapter id="2-12" ref="2-12.xml" name ="术语和定义" />

       </structure>
</chapter>