﻿<?xml version="1.0" encoding="UTF-8"?>
<chapter name="机密性机制" id="4-5" parentref="4.xml">
	<structure>
        <chapter id="4-5-1" ref="4-5-1.xml" name =" 通过对称加密技术提供机密性" />
        <chapter id="4-5-2" ref="4-5-2.xml" name =" 通过非对称加密技术提供机密性（公开密钥密码算法）" />
         <chapter id="4-5-3" ref="4-5-3.xml" name =" 通过上下文位置提供机密性" />
          <chapter id="4-5-4" ref="4-5-4.xml" name =" 通过访问控制提供机密性" />
           <chapter id="4-5-5" ref="4-5-5.xml" name =" 通过数据填充提供机密性" />
 <chapter id="4-5-6" ref="4-5-6.xml" name =" 通过虚假事件提供机密性" />
<chapter id="4-5-7" ref="4-5-7.xml" name =" 通过保护PDU头提供机密性" />
<chapter id="4-5-8" ref="4-5-8.xml" name =" 通过时间变化字段提供机密性" />

       </structure>
</chapter>