﻿<?xml version="1.0" encoding="UTF-8"?>
<doc type="book" uid ="010203" >
	<data>
		<title>
			<main_title>国家环境信息与统计能力建设项目</main_title>
			<sub_title>环境数据加密技术规定</sub_title>
			<alias-name> Technology specification for environmental data encryption</alias-name>
		</title>
	</data>
	 <metadata ref="meta.xml"/>
	<structure>
   
        <chapter id ="1" ref="1.xml" name ="适用范围" />
        <chapter id ="2" ref="2.xml" name ="术语和定义" />
        <chapter id ="3" ref="3.xml" name ="总则" />
        <chapter id ="4" ref="4.xml" name ="数据机密性" />
        <chapter id ="5" ref="5.xml" name ="数据完整性" />
        <chapter id ="6" ref="6.xml" name ="数据抗抵赖性" />
        <chapter id ="7" ref="7.xml" name ="密钥管理" />
     
    </structure>

</doc>