﻿<?xml version="1.0" encoding="UTF-8"?>
<chapter name="术语和定义" id="2-1" parentref="2.xml">

	<glossary>
		<term>减排综合数据库</term>
		<term_english>2.1　integrated emission reduction database</term_english>
		<content>按照统一的信息资源描述方法和原则，统一的数据元标准、元数据标准、信息分类与编码标准，整合相关减排业务数据的集合。主要包括污染源数据、环境质量数据等。
</content>
	</glossary>

</chapter>