﻿<?xml version="1.0" encoding="UTF-8"?>
<chapter name="报表设计流程" id="5" parentref="doc.xml">
<structure>
        <chapter id="5-1" ref="5-1.xml" name ="设计准备" />
        <chapter id="5-2" ref="5-2.xml" name ="报表信息确定" />
        <chapter id="5-3" ref="5-3.xml" name ="初步设计" />
        <chapter id="5-4" ref="5-4.xml" name ="初步设计审评" />
        <chapter id="5-5" ref="5-5.xml" name ="详细设计" />
        <chapter id="5-6" ref="5-6.xml" name ="详细设计审评" />
        <chapter id="5-7" ref="5-7.xml" name ="应用效果评价与改进" />
	<chapter id="5-8" ref="5-8.xml" name ="报表版本控制" />
       </structure>

</chapter>