﻿<?xml version="1.0" encoding="UTF-8"?>
<chapter name="报表结构" id="6" parentref="doc.xml">
	<structure>
        <chapter id="6-1" ref="6-1.xml" name ="套表封面" />
        <chapter id="6-2" ref="6-2.xml" name ="套表目录" />
<chapter id="6-3" ref="6-3.xml" name ="套表说明" />
<chapter id="6-4" ref="6-4.xml" name ="表首" />
<chapter id="6-5" ref="6-5.xml" name ="正表" />
<chapter id="6-6" ref="6-6.xml" name ="表注" />
<chapter id="6-7" ref="6-7.xml" name ="统计图" />
<chapter id="6-8" ref="6-8.xml" name ="附件" />
       </structure>
</chapter>