﻿<?xml version="1.0" encoding="UTF-8"?>
<chapter name="报表格式" id="7" parentref="doc.xml">
<structure>
        <chapter id="7-1" ref="7-1.xml" name ="整体格式" />
        <chapter id="7-2" ref="7-2.xml" name ="页面格式" />
<chapter id="7-3" ref="7-3.xml" name ="套表封面格式" />
<chapter id="7-4" ref="7-4.xml" name ="套表目录格式" />
<chapter id="7-5" ref="7-5.xml" name ="套表说明格式" />
<chapter id="7-6" ref="7-6.xml" name ="表首格式" />
<chapter id="7-7" ref="7-7.xml" name ="正表格式" />
<chapter id="7-8" ref="7-8.xml" name ="表注格式" />
<chapter id="7-9" ref="7-9.xml" name ="统计图格式" />
<chapter id="7-10" ref="7-10.xml" name ="附件格式" />
       </structure>

</chapter>