﻿<?xml version="1.0" encoding="UTF-8"?>
<doc type="book" uid ="010203" >
	<data>
		<title>
			<main_title> 中华人民共和国环保标准</main_title>
			<sub_title>减排综合数据库”
数据报表设计技术规定</sub_title>
			<alias-name> Technical specification for report design of integrated emission reduction database</alias-name>
		</title>
	</data>
	 <metadata ref="meta.xml"/>
	<structure>
        <chapter id ="1" ref="1.xml" name ="适用范围" />
        <chapter id ="2" ref="2.xml" name ="术语定义" />
        <chapter id ="3" ref="3.xml" name ="总则" />
        <chapter id ="4" ref="4.xml" name ="报表设计原则" />
        <chapter id ="5" ref="5.xml" name ="表表设计流程" />
        <chapter id ="6" ref="6.xml" name ="报表结构" />
        <chapter id ="7" ref="7.xml" name ="报表格式" />
        <chapter id ="8" ref="8.xml" name ="报表分类" />     
	<chapter id ="8" ref="8.xml" name ="报表命名" />     
    </structure>

</doc>