﻿<?xml version="1.0" encoding="UTF-8"?>
<chapter name="全国环境保护业务网广域网" id="3-5" parentref="3.xml">

	<glossary>
		<term>全国环境保护业务网广域网</term>
		<term_english>national environmental protection service network wide area network</term_english>
		<content>指依托国家电子政务外网构建的覆盖全国环境保护部门，用于进行环境保护业务管理、数据传输的广域网络。简称：全国环境保护业务网。
全国环境保护业务网的基本网络体系，包括：
a)	国家环境保护总局核心节点到各省（自治区、直辖市）级环保局中心节点的广域网；
b)	连接国家环境保护总局核心节点到国家环境保护总局环境保护督查中心节点的广域网；
c)	各省（自治区、直辖市）级环保局节点到本省地市环保局节点的广域网；
d)	各省（自治区）内地市级环保局节点到本地市县级环保局节点的广域网。
</content>
	</glossary>
</chapter>