﻿<?xml version="1.0" encoding="UTF-8"?>
<chapter name="全国环境保护业务网城域网" id="3-6" parentref="3.xml">

	<glossary>
		<term>全国环境保护业务网城域网</term>
		<term_english>national environmental protection service metropolitan area network</term_english>
		<content>指全国环境保护业务网在北京核心节点及各省（自治区、直辖市）级中心节点、地市级节点连接本市内环境保护部门局域网所形成的城域网络。主要包括：
a)	国家环境保护总局连接中国环境监测总站、国家环境保护总局环境工程评估中心、国家环境保护总局环境监察局等部门的城域网；
b)	各省（自治区、直辖市）环境保护部门连接所属的环境监测部门和环境监察部门、环境评价部门、环境科研部门等的城域网；
c)	各地市环境保护部门连接所属的环境监测部门、环境监察部门和环境科研部门等的城域网。
</content>
	</glossary>
</chapter>