﻿<?xml version="1.0" encoding="UTF-8"?>
<chapter name="全国环境保护业务网主干网" id="3-7" parentref="3.xml">

	<glossary>
		<term>全国环境保护业务网主干网</term>
		<term_english>national environmental protection service special network backbone network</term_english>
		<content>全国环境保护业务网主干网是连接国家环境保护总局核心节点到各省（自治区、直辖市）级环保局中心节点的广域网。</content>
	</glossary>
</chapter>