﻿<?xml version="1.0" encoding="UTF-8"?>
<chapter name="术语和定义" id="3" parentref="doc.xml">
<content>
下列术语和定义适用于本标准。
</content>
	<structure>
        <chapter id="3-1" ref="3-1.xml" name ="环境信息系统集成" />
        <chapter id="3-2" ref="3-2.xml" name ="集成模式" />
        <chapter id="3-3" ref="3-3.xml" name ="数据集" />
        <chapter id="3-4" ref="3-4.xml" name ="数据模式" />
        <chapter id="3-5" ref="3-5.xml" name ="全国环境保护业务网广域网" />
        <chapter id="3-6" ref="3-6.xml" name ="全国环境保护业务网城域网" />
        <chapter id="3-7" ref="3-7.xml" name ="全国环境保护业务网主干网" />
        <chapter id="3-8" ref="3-8.xml" name ="全国环境保护业务网局域网" />
       </structure>
</chapter>