﻿<?xml version="1.0" encoding="UTF-8"?>
<chapter name="全国环境保护业务网主干网网际互联" id="7-2" parentref="7.xml">
	<structure>
        <chapter id="7-2-1" ref="7-2-1.xml" name ="网络结构" />
        <chapter id="7-2-2" ref="7-2-2.xml" name ="链路和带宽" />
        <chapter id="7-2-3" ref="7-2-3.xml" name ="安全与保密" />
        <chapter id="7-2-4" ref="7-2-4.xml" name ="互联协议" />
        <chapter id="7-2-5" ref="7-2-5.xml" name ="IP地址规划" />
        <chapter id="7-2-6" ref="7-2-6.xml" name ="域名规划" />
       </structure>
</chapter>