﻿<?xml version="1.0" encoding="UTF-8"?>
<chapter name="网络平台" id="7-3-1" parentref="7-3.xml">
<content>
网络平台应优先考虑网络选型。网络平台应包括网络传输设备、交换设备、网络服务器、存储设备、综合布线系统等。各单位可根据需求和应用自行选用相应设备及相关技术，所选设备和技术要经济、实用，方便升级。
</content>
	<structure>
        <chapter id="7-3-1-1" ref="7-3-1-1.xml" name ="网络选型" />
        <chapter id="7-3-1-2" ref="7-3-1-2.xml" name ="网络传输设备" />
        <chapter id="7-3-1-3" ref="7-3-1-3.xml" name ="网络交换设备" />
        <chapter id="7-3-1-4" ref="7-3-1-4.xml" name ="网络服务器" />
        <chapter id="7-3-1-5" ref="7-3-1-5.xml" name ="存储技术和设备" />
        <chapter id="7-3-1-6" ref="7-3-1-6.xml" name ="综合布线系统" />
       </structure>

</chapter>