﻿<?xml version="1.0" encoding="UTF-8"?>
<chapter name="网络测试" id="7-4" parentref="7.xml">
<content>
网络测试包括测试程序、测试范围、测试方法、测试条件、测试项目、测试设备、测试标准和测试报告等内容，网络测试是网络新建、扩建、改建和工程验收的重要依据之一。
</content>
	<structure>
        <chapter id="7-3-1" ref="7-4-1.xml" name ="测试程序" />
        <chapter id="7-3-2" ref="7-4-2.xml" name ="测试范围" />
        <chapter id="7-3-3" ref="7-4-3.xml" name ="测试方法" />
        <chapter id="7-3-4" ref="7-4-4.xml" name ="测试条件" />
        <chapter id="7-3-5" ref="7-4-5.xml" name ="测试项目" />
        <chapter id="7-3-6" ref="7-4-6.xml" name ="测试标准" />
        <chapter id="7-3-7" ref="7-4-7.xml" name ="测试报告" />
       </structure>
</chapter>