﻿<?xml version="1.0" encoding="UTF-8"?>
<doc type="book" uid ="010203" >
	<data>
		<title>
			<main_title> 中华人民共和国环境保护行业标准</main_title>
			<sub_title>环境信息系统集成技术规范</sub_title>
			<alias-name>Specification for environmental information system integration</alias-name>
		</title>
	</data>
	 <metadata ref="meta.xml"/>
	<structure>
        <chapter id ="1" ref="1.xml" name ="适用范围" />
        <chapter id ="2" ref="2.xml" name ="规范性引用文件" />
        <chapter id ="3" ref="3.xml" name ="术语和定义" />
        <chapter id ="4" ref="4.xml" name ="总体框架" />
        <chapter id ="5" ref="5.xml" name ="应用集成" />
        <chapter id ="6" ref="6.xml" name ="数据集成" />
        <chapter id ="7" ref="7.xml" name ="网络集成" />  
    </structure>

</doc>