<?xml version="1.0" encoding="UTF-8"?>
<chapter name="环境标准"  id="10-1" parentref="10.xml">
	<glossary>
	<term>环境标准</term>
	<term_english>environmental standard</term_english>
	<content>为防治环境污染，维护生态平衡，保护人体健康，国务院环境保护行政主管部门和省、自治区、直辖市人民政府依据国家有关法律规定，对环境保护工作中需要统一的各项技术规范和技术要求制定的标准。注：环境标准分为国家环境标准、地方环境标准和国家环境保护总局标准。</content>
</glossary>
</chapter>
