<?xml version="1.0" encoding="UTF-8"?>
<chapter name="环境保护" id="11-1" parentref="11.xml">
	<glossary>
		<term>环境保护</term>
		<term_english>environmental standard</term_english>
		<content>利用环境科学的理论和方法，协调人类与环境的关系，解决各种环境问题，保护和改善环境的一切人类活动的总称。
注：根据中华人民共和国环境保护法的规定，环境保护的内容包括“保护和改善环境”和“防治环境污染和其它公害”两方面。</content>
	</glossary>
</chapter>
