<?xml version="1.0" encoding="UTF-8"?>
<chapter name="可持续发展" id="11-2" parentref="11.xml">
	<glossary>
		<term>可持续发展</term>
		<term_english>sustainable development</term_english>
		<content>既满足现代人的需求亦不损害后代人满足需求的能力。即：经济、社会、人口、资源和环境协调发展，既达到发展经济的目的，又保护好人类赖以生存的大气、淡水、海洋、土地和森林等自然资源和环境，使子孙后代能够永续发展和安居乐业。</content>
	</glossary>
</chapter>
