﻿<?xml version="1.0" encoding="UTF-8"?>
<chapter name="环境保护相关" id="11" parentref="doc.xml">
<structure>
        <chapter id="11-1" ref="11-1.xml" name ="环境保护" />
        <chapter id="11-2" ref="11-2.xml" name ="可持续发展" />
        <chapter id="11-3" ref="11-3.xml" name ="能源" />
        <chapter id="11-4" ref="11-4.xml" name ="一次能源" />
        <chapter id="11-5" ref="11-5.xml" name ="二次能源" />
        <chapter id="11-6" ref="11-6.xml" name ="可再生能源" />
        <chapter id="11-7" ref="11-7.xml" name ="绿色GDP" />

       </structure>
</chapter>