<?xml version="1.0" encoding="UTF-8"?>
<chapter name="环境信息术语" id="3-2" parentref="3.xml">
	<glossary>
		<term>环境信息术语</term>
		<term_english>environmental information term</term_english>
		<content>在环境信息领域中一般概念的词语指称。注：本标准选择收录了环境信息系统建设以及日常工作经常涉及的环境信息术语，并依据《环境信息分类与代码》 （HJ/T 417-2007）中对环境信息划分的一级类目进行分类。</content>
	</glossary>
</chapter>
