<?xml version="1.0" encoding="UTF-8"?>
<chapter name="生态功能区划" id="4-3" parentref="4.xml">
	<glossary>
		<term>生态功能区划</term>
		<term_english>ecological functional zoning</term_english>
		<content>分析不同区域的生态系统特征、生态问题、生态敏感性和生态系统服务功能类型及其空间分布格局，明确不同区域生态系统的主导生态服务功能及生态保护目标，将区域划分成不同的生态功能区。</content>
	</glossary>
</chapter>
