<?xml version="1.0" encoding="UTF-8"?>
<chapter name="空气污染指数" id="4-4" parentref="4.xml">
	<glossary>
		<term>空气污染指数</term>
		<term_english>air pollution index（API）</term_english>
		<content>将常规监测的几种空气污染物浓度简化成为单一的概念性指数值形式，并分级表征空气污染程度和空气质量状况，适合于表示城市的短期空气质量状况和变化趋势。根据我国空气污染的特点和污染防治重点，目前计入空气污染指数的项目暂定为二氧化硫、氮氧化物和可吸入颗粒物或总悬浮颗粒物。</content>
	</glossary>
</chapter>
