<?xml version="1.0" encoding="UTF-8"?>
<chapter name="水污染指数" id="4-6" parentref="4.xml">
	<glossary>
		<term>水污染指数</term>
		<term_english>water pollution index</term_english>
		<content>用数字模式对水体中各种污染物进行归纳和统计，并以一个简单数值来综合反映水污染的程度。是综合了几个水质指标的结果，用以比较几个水体或同一水体在不同地点或不同时期的水质状况。</content>
	</glossary>
</chapter>
