<?xml version="1.0" encoding="UTF-8"?>
<chapter name="土壤污染指数" id="4-7" parentref="4.xml">
	<glossary>
		<term>土壤污染指数</term>
		<term_english>soil pollution index</term_english>
		<content>评价土壤污染程度或土壤环境质量等级所用的一种相对的无量纲指数。注：以单因子表示土壤污染程度或土壤环境质量的等级为单项污染指数（Pi)，也称分指数。数学表达式是土壤污染的实测值（Ci）与评价标准（Si）之比。Pi=Ci/Si。Pi≤1时，表示土壤未受污染，Pi >1时，表示土壤受到污染，直接反映超标倍数和污染程度，是土壤环境管理的重要依据。综合污染指数（P）由单项污染指数综合而成。在简单处理时，一般采用单项污染指数相加，或相加后再平均的方法。</content>
	</glossary>
</chapter>
