<?xml version="1.0" encoding="UTF-8"?>
<chapter name="环境背景值，环境本底值" id="4-8" parentref="4.xml">
	<glossary>
		<term>环境背景值，环境本底值</term>
		<term_english>environmental background value</term_english>
		<content>在不受污染的情况下，环境组成各要素，如大气、水体、岩石、土壤、植物、农作物、水生生物和人体组织中与环境污染有关的各种化学元素的含量及其基本的化学成份。</content>
	</glossary>
</chapter>
