<?xml version="1.0" encoding="UTF-8"?>
<chapter name="环境承载力" id="4-9" parentref="4.xml">
	<glossary>
		<term>环境承载力</term>
		<term_english>environmental carrying capacity</term_english>
		<content>在一定时期，一定的状态或条件下，一定的区域范围内，在维持区域环境系统结构不发生质的变化、环境功能不遭受破坏的前提下，区域环境系统所能承受的人类各类社会经济活动的能力；或者说是区域环境对人类社会发展的支持能力。</content>
	</glossary>
</chapter>
