﻿<?xml version="1.0" encoding="UTF-8"?>
<chapter name="环境质量" id="4" parentref="doc.xml">
	<structure>
        <chapter id="4-1" ref="4-1.xml" name ="环境质量" />
        <chapter id="4-2" ref="4-2.xml" name ="环境功能区划" />
        <chapter id="4-3" ref="4-3.xml" name ="生态功能区划" />
        <chapter id="4-4" ref="4-4.xml" name ="空气污染指数" />
        <chapter id="4-5" ref="4-5.xml" name ="空气质量指数" />
        <chapter id="4-6" ref="4-6.xml" name ="水污染指数" />
        <chapter id="4-7" ref="4-7.xml" name ="土壤污染指数" />
        <chapter id="4-8" ref="4-8.xml" name ="环境背景值，环境本底值" />
        <chapter id="4-9" ref="4-9.xml" name ="环境承载力" />
       </structure>
</chapter>