<?xml version="1.0" encoding="UTF-8"?>
<chapter name="国控重点污染源" id="6-2" parentref="6.xml">
	<glossary>
		<term>国控重点污染源</term>
		<term_english>key pollution source under national monitoring program</term_english>
		<content>为加强对重点污染源的监督管理，依据环境统计数据，原则上以主要污染物排放量占全部企业排放量65%以上的企业和污水处理厂为基础确定国控重点污染源。
注：省控重点污染源为占全省主要污染物工业排放负荷65%的污染源和城市污水处理厂。
</content>
	</glossary>
</chapter>
