﻿<?xml version="1.0" encoding="UTF-8"?>
<chapter name="污染源" id="6" parentref="doc.xml">
	<structure>
        <chapter id="6-1" ref="6-1.xml" name ="环境污染源" />
        <chapter id="6-2" ref="6-2.xml" name ="国控重点污染源" />
        <chapter id="6-3" ref="6-3.xml" name ="工业污染源" />
        <chapter id="6-4" ref="6-4.xml" name ="农业污染源" />
        <chapter id="6-5" ref="6-5.xml" name ="生活污染源" />
        <chapter id="6-6" ref="6-6.xml" name ="交通运输污染源" />
        <chapter id="6-7" ref="6-7.xml" name ="集中式污染治理设施" />
        <chapter id="6-8" ref="6-8.xml" name ="天然辐射源" />
       </structure>
</chapter>