<?xml version="1.0" encoding="UTF-8"?>
<chapter name="污染物排放总量控制" id="7-12" parentref="7.xml">
	<glossary>
		<term>污染物排放总量控制</term>
		<term_english>total amount control of pollutant</term_english>
		<content>在指定时期内，综合经济、技术、社会等条件，通过向排污源规定分配污染物允许排放量，将一定空间范围内污染产生的污染物总量控制在环境质量容许的限度内而实行的一种污染控制方式。</content>
	</glossary>
</chapter>
