<?xml version="1.0" encoding="UTF-8"?>
<chapter name="节能减排" id="7-13" parentref="7.xml">
	<glossary>
		<term>节能减排</term>
		<term_english>energy conservation and emission reduction</term_english>
		<content>降低能源消耗、减少污染物排放。
注：《中华人民共和国国民经济和社会发展第十一个五年规划纲要》提出了“十一五”期间单位国内生产总值能耗降低２０％左右，主要污染物排放总量减少１０％的约束性指标。《国民经济和社会发展第十一个五年规划纲要》确定的实施总量控制的两项污染物，即化学需氧量和二氧化硫。化学需氧量，即1升水里还原性物质（无机的或有机的）在一定的条件下被氧化和消耗氧的毫克数。二氧化硫，即含硫煤燃烧过程中硫被氧化而产生的一次污染物，溶水显酸性，有刺鼻气味，与水混合变成亚硫酸，是产生酸雨的根源。</content>
	</glossary>
</chapter>
