<?xml version="1.0" encoding="UTF-8"?>
<chapter name="富营养化" id="7-15" parentref="7.xml">
	<glossary>
		<term>富营养化</term>
		<term_english>centralized pollution control</term_english>
		<content>在人类活动的影响下，生物所需的氮、磷等营养物质大量进入湖泊、河口、海湾等缓流水体，引起藻类及其它浮游生物的迅速繁殖，水体溶解氧量下降，水质恶化，鱼类及其它生物大量死亡的现象。</content>
	</glossary>
</chapter>
