<?xml version="1.0" encoding="UTF-8"?>
<chapter name="固体废物处置" id="7-16" parentref="7.xml">
	<glossary>
		<term>固体废物处置</term>
		<term_english>solid waste disposal</term_english>
		<content>将固体废物焚烧和用其它改变固体废物的物理、化学、生物特性的方法，达到减少已产生的固体废物数量，缩小固体废物体积，减少或者消除其危险成份的活动，或者将固体废物最终置于符合环境保护规定要求的填埋场的活动。</content>
	</glossary>
</chapter>
