<?xml version="1.0" encoding="UTF-8"?>
<chapter name="排污申报登记" id="7-3" parentref="7.xml">
	<glossary>
		<term>排污申报登记</term>
		<term_english>pollution discharge report and registration</term_english>
		<content>向环境中排放污染物的排污者，按照国家环境保护行政主管部门的规定，向所在地环境保护行政主管部门的环境监察机构申报正常作业条件下排放污染物的种类、数量、浓度（强度）和与排污情况有关的生产、经营、治污设施等情况，以及排放污染物有重大改变时及时进行申报的过程。</content>
	</glossary>
</chapter>
