<?xml version="1.0" encoding="UTF-8"?>
<chapter name="战略环境影响评价" id="7-6" parentref="7.xml">
	<glossary>
		<term>战略环境影响评价</term>
		<term_english>strategic environmental impact assessment</term_english>
		<content>环境影响评价的原则与方法在战略层次的应用，是对一项策略、计划或规划及其替代方案的环境影响进行正式的、系统的、综合的评价过程，包括完成战略环境评价研究报告，并将结论应用于决策。</content>
	</glossary>
</chapter>
