<?xml version="1.0" encoding="UTF-8"?>
<chapter name="建设项目环境管理" id="7-8" parentref="7.xml">
	<glossary>
		<term>建设项目环境管理</term>
		<term_english>environmental management of construction projects</term_english>
		<content>环境保护部门根据国家的环境保护产业政策、行业政策、技术政策、环境规划布局和清洁生产要求及专业工程验收规范，运用环境预审、环境影响评价和“三同时”管理制度对一切建设项目依法进行的管理活动。</content>
	</glossary>
</chapter>
