<?xml version="1.0" encoding="UTF-8"?>
<chapter name="“三同时”制度" id="7-9" parentref="7.xml">
	<glossary>
		<term>“三同时”制度</term>
		<term_english>three simultaneousness system of construction projects and proposes solutions</term_english>
		<content>《中华人民共和国环境保护法》规定：“建设项目中防治污染的设施，必须与主体工程同时设计、同时施工、同时投产使用。”简称“三同时”制度。
注：同时设计，主要指建设项目的设计方案中必须有环境保护内容。同时施工，是指建设单位在建设主体工程时要将设计方案中的环境保护要求付诸实施，同时组织、安排和实施环境保护设施的建设。同时投产，是指建设项目的环境保护设施经验收合格后，建设项目方可正式投入生产使用，亦即环保设施与主体工程同时投入生产使用。</content>
	</glossary>
</chapter>
