﻿<?xml version="1.0" encoding="UTF-8"?>
<chapter name="报表格式" id="7" parentref="doc.xml">
<structure>
        <chapter id="7-1" ref="7-1.xml" name ="环境保护战略" />
        <chapter id="7-2" ref="7-2.xml" name ="环境规划" />
        <chapter id="7-3" ref="7-3.xml" name ="排污申报登记" />
        <chapter id="7-4" ref="7-4.xml" name ="排污许可证" />
        <chapter id="7-5" ref="7-5.xml" name ="环境影响评价" />
        <chapter id="7-6" ref="7-6.xml" name ="战略环境影响评价" />
        <chapter id="7-7" ref="7-7.xml" name ="规划环境影响评价" />
        <chapter id="7-8" ref="7-8.xml" name ="建设项目环境管理" />
        <chapter id="7-9" ref="7-9.xml" name ="“三同时”制度" />
        <chapter id="7-10" ref="7-10.xml" name ="环境容量" />
        <chapter id="7-11" ref="7-11.xml" name ="污染物排放总量" />
        <chapter id="7-12" ref="7-12.xml" name ="污染物排放总量控制" />
        <chapter id="7-13" ref="7-13.xml" name ="节能减排" />
        <chapter id="7-14" ref="7-14.xml" name ="污染集中控制" />
        <chapter id="7-15" ref="7-15.xml" name ="富营养化" />
        <chapter id="7-16" ref="7-16.xml" name ="固体废物处置" />
       </structure>

</chapter>