<?xml version="1.0" encoding="UTF-8"?>
<chapter name="环境指标体系" id="8-1" parentref="8.xml">
	<glossary>
		<term>环境指标体系</term>
		<term_english>environmental protection strategy</term_english>
		<content>以描述和表征人类活动干预环境所引起的环境资源及生态环境质量变迁过程、状态、影响及后果为主体的一系列相关的并具有一定量纲的数值和相应的文字表达，为人们正确认识和解决环境问题所提供的系统化、定量化信息的手段。</content>
	</glossary>
</chapter>
