<?xml version="1.0" encoding="UTF-8"?>
<chapter name="污染减排三大体系" id="8-2" parentref="8.xml">
	<glossary>
		<term>污染减排三大体系</term>
		<term_english>three systems of reduced pollution discharge</term_english>
		<content>科学的污染减排指标体系、准确的减排监测体系和严格的减排考核体系。
注：科学的污染减排指标体系：为顺利完成主要污染物减排任务，而建立的一套科学的、系统的和符合国情的主要污染物排放总量统计分析、数据核定、信息传输体系。其显著标志是“方法科学、交叉印证、数据准确、可比性强”，能够做到及时、准确、全面反映主要污染物排放状况和变化的趋势。准确的减排监测体系：为顺利完成主要污染物减排任务，而建立的一套污染源监督性监测和重点污染源自动监测相结合的环境监测体系。其显著标志是“装备先进、标准规范、手段多样、运转高效”，能够及时跟踪各地区和重点企业主要污染物排放变化情况。严格的减排考核体系：为顺利完成主要污染物减排任务，而建立的一套严格的、操作性强和符合实际的污染减排成效考核和责任追究体系。其显著标志是“权责明确、监督有力、程序适当、奖罚分明”。</content>
	</glossary>
</chapter>
