<?xml version="1.0" encoding="UTF-8"?>
<chapter name="环境标志" id="9-1" parentref="9.xml">
	<glossary>
		<term>环境标志</term>
		<term_english>environmental label</term_english>
		<content>一种标在产品或其包装上的标签。是产品的“证明性商标”，它表明该产品不仅质量合格，而且在生产、使用及处理处置的过程中符合特定的环境保护要求，与同类产品相比，具有低毒少害、节约资源等环境优势。</content>
	</glossary>
</chapter>
