<?xml version="1.0" encoding="UTF-8"?>
<chapter name="清洁生产" id="9-3" parentref="9.xml">
	<glossary>
		<term>清洁生产</term>
		<term_english>clean production</term_english>
		<content>不断采取改进设计、使用清洁的能源和原料、采用先进的工艺技术与设备、改善管理、综合利用等措施，从源头削减污染，提高资源利用效率，减少或者避免生产、服务和产品使用过程中污染物的产生和排放，以减轻或者消除对人类健康和环境的危害。</content>
	</glossary>
</chapter>
