﻿<?xml version="1.0" encoding="UTF-8"?>
<doc type="book" uid ="010203" >
	<data>
		<title>
			<main_title> 中华人民共和国环境保护行业标准</main_title>
			<sub_title>环境信息术语</sub_title>
			<alias-name> Technical specification for report design of integrated emission reduction database</alias-name>
		</title>
	</data>
	 <metadata ref="meta.xml"/>
	<structure>
        <chapter id ="1" ref="1.xml" name ="适用范围" />
        <chapter id ="2" ref="2.xml" name ="规范性引用文件" />
        <chapter id ="3" ref="3.xml" name ="术语和定义" />
        <chapter id ="4" ref="4.xml" name ="环境质量" />
        <chapter id ="5" ref="5.xml" name ="生态环境" />
        <chapter id ="6" ref="6.xml" name ="污染源" />
        <chapter id ="7" ref="7.xml" name ="环境管理业务" />
        <chapter id ="8" ref="8.xml" name ="环境科技及其管理" />     
	<chapter id ="9" ref="9.xml" name ="环境保护产业" />  
        <chapter id ="10" ref="10.xml" name ="环境政策法规标准" /> 
        <chapter id ="11" ref="11.xml" name ="环境保护相关" /> 
    </structure>

</doc>