﻿<?xml version="1.0" encoding="UTF-8"?>
<chapter name=" 术语和定义" id="3" parentref="doc.xml">
<content>
HJ/T 416—2007及HJ/T 417—2007中确立的术语和定义，以及下列术语和定义适用于本标准。
</content>
<glossary>
		<term>水环境功能区 </term>
		<term_english>water environmental function zone</term_english>
		<content>根据水域使用功能、水环境污染状况、水环境承受能力（环境容量）、社会经济发展需要以及污染物排放总量控制的要求，划定的具有特定功能的水环境。
</content>
	</glossary>

</chapter>
