﻿<?xml version="1.0" encoding="UTF-8"?>
<chapter name=" 分类编码" id="5-1" parentref="5.xml">
<structure>
        <chapter id="5-1-1" ref="5-1-1.xml" name =" 唯一性" />
 <chapter id="5-1-2" ref="5-1-2.xml" name =" 合理性" />
<chapter id="5-1-3" ref="5-1-3.xml" name ="  可扩充性" />
<chapter id="5-1-4" ref="5-1-4.xml" name ="简单性" />
<chapter id="5-1-5" ref="5-1-5.xml" name =" 稳定性" />
<chapter id="5-1-6" ref="5-1-6.xml" name ="  规范性" />
       </structure>

</chapter>