﻿<?xml version="1.0" encoding="UTF-8"?>
<doc type="book" uid ="GHJ 522.8-2009" >
	<data>
		<title>
			<main_title> 中华人民共和国通信行业标准</main_title>
			<sub_title>地表水环境功能区类别代码（试行）</sub_title>
			<alias-name> Codes for surface-water environmental function zone categories</alias-name>
		</title>
	</data>
	 <metadata ref="meta.xml"/>
	<structure>
        <chapter id ="0" ref="0.xml" name ="前言" />
        <chapter id ="1" ref="1.xml" name ="范围" />
        <chapter id ="2" ref="2.xml" name ="规范性引用文件" />
        <chapter id ="3" ref="3.xml" name ="术语、定义和缩略语" />
        <chapter id ="4" ref="4.xml" name ="分类方法" />
        <chapter id ="5" ref="5.xml" name ="分类编码" />
        <chapter id ="6" ref="6.xml" name ="水环境功能区类别与代码" />  
    </structure>

</doc>